{
	"id": "sample-component",
	"settingsData": {
		"settingsHeight": 240,
		"settingsWidth": 300,
		"settingsRenderOption": "dialog",
		"componentLayouts": [
			{
				"name": "default",
				"displayName": "IMAGE_LEFT_LAYOUT"
			},
			{
				"name": "right",
				"displayName": "IMAGE_RIGHT_LAYOUT"
			},
			{
				"name": "top",
				"displayName": "IMAGE_TOP_LAYOUT"
			}
		],
		"styles": [
			{
				"name": "Bold",
				"class": "sample-component-bold-style"
            },
			{
				"name": "Italic",
				"class": "sample-component-italic-style"
            }
		],
		"triggers": [{
			"triggerName": "imageClicked",
			"triggerDescription": "Image clicked",
			"triggerPayload": [{
				"name": "payloadData",
				"displayName": "Trigger Payload Data"
			}]
		}],
		"actions": [{
			"actionName": "setImageWidth",
			"actionDescription": "Update the image width",
			"actionPayload": [{
				"name": "imageWidth",
				"description": "Image Width in pixels",
				"type": {
					"ojComponent": {
						"component": "ojInputText"
					}
				},
				"value": ""
			}]
		}]
	},
	"initialData": {
		"componentId": "sampleComp",
		"componentLayout": "default",
		"customSettingsData": {
            "assetID": "",
			"width": "260px",
			"linkURL": "https://docs.oracle.com/pls/topic/lookup?ctx=cloud&id=CECCE-GUID-D655DF5D-4A93-4FD3-B1BB-04EC0D0B8312",
			"nls": {
				"linkText": "More..."
			},
			"presetTpl":"Tpl_A"
		},
		"nestedComponents": [{
			"id": "imageId",
			"type": "scs-image",
			"data": {
				"imageUrl": "[!--$SCS_DIST_FOLDER--]/renderer/app/sdk/images/sample-image.png",
				"marginBottom": 0,
				"marginLeft": 0,
				"marginRight": 20,
				"marginTop": 0
			}
		}, {
			"id": "titleId",
			"type": "scs-title",
			"data": {
				"userText": "<div>Local Component</div>",
				"fontColor": "#000000",
				"fontFamily": "'Helvetica Neue Light', Helvetica, Arial, sans-serif",
				"fontSize": 20,
				"marginBottom": 14,
				"marginLeft": 0,
				"marginRight": 0,
				"marginTop": 0,
				"useStyleClass": "false"
			}
		}, {
			"id": "paragraphId",
			"type": "scs-paragraph",
			"data": {
				"userText": "<p style=\"line-height:1.4em;margin-bottom:4px;\">As a page author, you can edit the content and settings for this component. To change settings, including triggers and actions, click the component menu and choose Settings.</p><p style=\"line-height:1.4em;\">As a component developer, you can change the component and its defaults (such as this text) either by working with the files directly through the components browser or by using the desktop app to work with the files on your local system.</p>",
				"fontColor": "#333333",
				"fontFamily": "'Helvetica Neue Regular', Helvetica, Arial, sans-serif",
				"fontSize": 14,
				"marginBottom": 10,
				"marginLeft": 0,
				"marginRight": 0,
				"marginTop": 0,
				"useStyleClass": "false"
			}
		}]
	}
}
